{"cameraMode":{"drawMode":0,"name":"Shaded","section":"Shading Mode"},"sceneLighting":false,"audioPlay":false,"sceneViewState":{"m_AlwaysRefresh":false,"showFog":true,"showSkybox":false,"showFlares":true,"showImageEffects":true,"showParticleSystems":true,"showVisualEffectGraphs":true,"m_FxEnabled":true},"in2DMode":false,"pivot":{"x":0.1288541853427887,"y":0.15812431275844575,"z":-0.5001688599586487},"rotation":{"x":0.07943177223205567,"y":-0.08780770003795624,"z":0.006920780520886183,"w":0.9929866790771484},"size":0.0485558807849884,"orthographic":false}