{"cameraMode":{"drawMode":0,"name":"Shaded","section":"Shading Mode"},"sceneLighting":true,"audioPlay":false,"sceneViewState":{"m_AlwaysRefresh":false,"showFog":true,"showSkybox":true,"showFlares":true,"showImageEffects":true,"showParticleSystems":true,"showVisualEffectGraphs":true,"m_FxEnabled":true},"in2DMode":false,"pivot":{"x":-5.582652568817139,"y":11.688663482666016,"z":-3.714986562728882},"rotation":{"x":0.004224779084324837,"y":0.9951099157333374,"z":-0.08860268443822861,"w":0.04572731629014015},"size":2.5197203159332277,"orthographic":false}