{"cameraMode":{"drawMode":0,"name":"Shaded","section":"Shading Mode"},"sceneLighting":true,"audioPlay":false,"sceneViewState":{"m_AlwaysRefresh":false,"showFog":true,"showSkybox":true,"showFlares":true,"showImageEffects":true,"showParticleSystems":true,"showVisualEffectGraphs":true,"m_FxEnabled":true},"in2DMode":false,"pivot":{"x":-5.582652568817139,"y":11.688663482666016,"z":-3.714986562728882},"rotation":{"x":-0.019660096615552903,"y":0.9789068698883057,"z":-0.1678656041622162,"w":-0.11564939469099045},"size":0.5398613214492798,"orthographic":false}