{"cameraMode":{"drawMode":0,"name":"Shaded","section":"Shading Mode"},"sceneLighting":true,"audioPlay":false,"sceneViewState":{"m_AlwaysRefresh":false,"showFog":true,"showSkybox":true,"showFlares":true,"showImageEffects":true,"showParticleSystems":true,"showVisualEffectGraphs":true,"m_FxEnabled":true},"in2DMode":false,"pivot":{"x":4.6992645263671879,"y":-44.28952407836914,"z":-238.6832275390625},"rotation":{"x":0.003733718069270253,"y":0.9932836294174194,"z":-0.1110253855586052,"w":0.034028127789497378},"size":122.92344665527344,"orthographic":false}