{"cameraMode":{"drawMode":0,"name":"Shaded","section":"Shading Mode"},"sceneLighting":false,"audioPlay":false,"sceneViewState":{"m_AlwaysRefresh":false,"showFog":true,"showSkybox":false,"showFlares":true,"showImageEffects":true,"showParticleSystems":true,"showVisualEffectGraphs":true,"m_FxEnabled":true},"in2DMode":false,"pivot":{"x":-0.6359952092170715,"y":2.371037244796753,"z":-29.543996810913087},"rotation":{"x":0.08835755288600922,"y":-0.8352032899856567,"z":0.14058972895145417,"w":0.5243874788284302},"size":2.3017165660858156,"orthographic":false}