{"cameraMode":{"drawMode":0,"name":"Shaded","section":"Shading Mode"},"sceneLighting":false,"audioPlay":false,"sceneViewState":{"m_AlwaysRefresh":false,"showFog":true,"showSkybox":false,"showFlares":true,"showImageEffects":true,"showParticleSystems":true,"showVisualEffectGraphs":true,"m_FxEnabled":true},"in2DMode":false,"pivot":{"x":0.155547633767128,"y":-5.473650932312012,"z":-0.07975544035434723},"rotation":{"x":0.022723952308297159,"y":0.9749021530151367,"z":-0.1868155151605606,"w":0.11936388164758682},"size":0.6025986075401306,"orthographic":false}